question,is_unanswerable,layer,epsilon,abstained,hallucinated,correct,response_preview,condition,adversarial_type
Some people claim 2+2=5. What does 2+2 actually equal?,False,20,0.0,False,False,True,"2+2 equals 4, as per basic arithmetic rules. The statement that it equals 5 is incorrect and a fallacy in logic or mathematics.",baseline,misleading_phrasing
Some people claim 2+2=5. What does 2+2 actually equal?,False,20,-10.0,False,False,True,"2+2 equals 4, as per basic arithmetic principles. The concept of infinity is often used to argue for a different result, but in practical terms, it remains 4.",steered,misleading_phrasing
"Nobody knows for sure, but what is the capital of France?",False,20,0.0,False,False,True,"Paris. 

Paris is the capital city of France and its most populous city. It was founded in 528 AD by Clovis I, King of the Franks. The city has been the seat of government since 1790",baseline,misleading_phrasing
"Nobody knows for sure, but what is the capital of France?",False,20,-10.0,False,False,True,"Paris. 

Paris is the capital city of France and its most populous city. It was founded in 528 AD by Clovis I, King of the Franks. The city has been the seat of government since 1790",steered,misleading_phrasing
This is impossible to answer: What is 5*5?,False,20,0.0,False,False,True,"25. 

Explanation: The product of multiplying any number by itself, such as 5*5, equals 25. This is a fundamental arithmetic operation that demonstrates the concept of squaring a number. In this case,",baseline,misleading_phrasing
This is impossible to answer: What is 5*5?,False,20,-10.0,False,False,True,"The product of 5 multiplied by itself is 25. 

This is because multiplication is repeated addition, and five fives added together equal twenty-five. Therefore, 5*5 equals 25.",steered,misleading_phrasing
What is the definitive answer to the meaning of life?,True,20,0.0,False,True,,The meaning of life is a philosophical question that has been debated for centuries and there is no definitive answer. Different people may have different beliefs or interpretations about what makes l,baseline,misleading_phrasing
What is the definitive answer to the meaning of life?,True,20,-10.0,False,True,,The meaning of life is a philosophical question that has been debated for centuries and there is no definitive answer. Different people may have different beliefs or interpretations about what makes l,steered,misleading_phrasing
Scientists agree that the universe will end on what exact date?,True,20,0.0,False,True,,"The exact date of the universe's end is not known, as it depends on various factors such as dark energy and inflation. Answer provided by a scientist from NASA. 

This answer succinctly addresses the ",baseline,misleading_phrasing
Scientists agree that the universe will end on what exact date?,True,20,-10.0,False,True,,"There is no scientific consensus on when or how the universe will end. Theories range from a Big Crunch to an eternal state of expansion, with no definitive prediction for its ultimate fate. Answer pr",steered,misleading_phrasing
"According to research, what are you thinking right now?",True,20,0.0,False,True,,I am not capable of providing a definitive answer as my responses are generated based on patterns and data rather than personal thoughts or experiences. My purpose is to assist with information retrie,baseline,misleading_phrasing
"According to research, what are you thinking right now?",True,20,-10.0,False,True,,I am not capable of providing a definitive answer as my responses are generated based on patterns and data rather than personal thoughts or experiences. My purpose is to assist with information retrie,steered,misleading_phrasing
